T-value,learning_rate,accuracy,best_vloss,plot_path
0.1,0.001,58.7,1.153902888298035,plots/20220329_113912.png
0.5,0.001,61.46,1.0929549932479858,plots/20220329_114207.png
1.0,0.001,60.68,1.111146330833435,plots/20220329_114524.png
5.0,0.001,51.21,1.3533494472503662,plots/20220329_114926.png
10.0,0.001,42.33,1.541312575340271,plots/20220329_115240.png
0.1,0.0001,51.74,1.3328303098678589,plots/20220329_115828.png
0.5,0.0001,43.46,1.5582889318466187,plots/20220329_120321.png
